image_path,label
'test_images/loop_with_traffic_light_0001.png',4
'test_images/loop_with_traffic_light_0002.png',4
'test_images/loop_with_traffic_light_0003.png',4
'test_images/loop_with_traffic_light_0004.png',4
'test_images/loop_with_traffic_light_0005.png',4
'test_images/loop_with_traffic_light_0006.png',4
'test_images/loop_with_traffic_light_0007.png',4
'test_images/loop_with_traffic_light_0008.png',4
'test_images/loop_with_traffic_light_0009.png',4
'test_images/loop_with_traffic_light_0010.png',4
'test_images/loop_with_traffic_light_0011.png',4
'test_images/loop_with_traffic_light_0012.png',4
'test_images/loop_with_traffic_light_0013.png',4
'test_images/loop_with_traffic_light_0014.png',4
'test_images/loop_with_traffic_light_0015.png',4
'test_images/loop_with_traffic_light_0016.png',4
'test_images/loop_with_traffic_light_0017.png',4
'test_images/loop_with_traffic_light_0018.png',4
'test_images/loop_with_traffic_light_0019.png',4
'test_images/loop_with_traffic_light_0020.png',4
'test_images/loop_with_traffic_light_0021.png',4
'test_images/loop_with_traffic_light_0022.png',4
'test_images/loop_with_traffic_light_0023.png',4
'test_images/loop_with_traffic_light_0024.png',4
'test_images/loop_with_traffic_light_0025.png',4
'test_images/loop_with_traffic_light_0026.png',4
'test_images/loop_with_traffic_light_0027.png',4
'test_images/loop_with_traffic_light_0028.png',4
'test_images/loop_with_traffic_light_0029.png',4
'test_images/loop_with_traffic_light_0030.png',4
'test_images/loop_with_traffic_light_0031.png',4
'test_images/loop_with_traffic_light_0032.png',4
'test_images/loop_with_traffic_light_0033.png',4
'test_images/loop_with_traffic_light_0034.png',4
'test_images/loop_with_traffic_light_0035.png',4
'test_images/loop_with_traffic_light_0036.png',4
'test_images/loop_with_traffic_light_0037.png',4
'test_images/loop_with_traffic_light_0038.png',4
'test_images/loop_with_traffic_light_0039.png',4
'test_images/loop_with_traffic_light_0040.png',4
'test_images/loop_with_traffic_light_0041.png',4
'test_images/loop_with_traffic_light_0042.png',4
'test_images/loop_with_traffic_light_0043.png',4
'test_images/loop_with_traffic_light_0044.png',4
'test_images/loop_with_traffic_light_0045.png',4
'test_images/loop_with_traffic_light_0046.png',4
'test_images/loop_with_traffic_light_0047.png',4
'test_images/loop_with_traffic_light_0048.png',4
'test_images/loop_with_traffic_light_0049.png',4
'test_images/loop_with_traffic_light_0050.png',4
'test_images/loop_with_traffic_light_0051.png',4
'test_images/loop_with_traffic_light_0052.png',4
'test_images/loop_with_traffic_light_0053.png',4
'test_images/loop_with_traffic_light_0054.png',4
'test_images/loop_with_traffic_light_0055.png',4
'test_images/loop_with_traffic_light_0056.png',4
'test_images/loop_with_traffic_light_0057.png',4
'test_images/loop_with_traffic_light_0058.png',4
'test_images/loop_with_traffic_light_0059.png',4
'test_images/loop_with_traffic_light_0060.png',4
'test_images/loop_with_traffic_light_0061.png',4
'test_images/loop_with_traffic_light_0062.png',4
'test_images/loop_with_traffic_light_0063.png',4
'test_images/loop_with_traffic_light_0064.png',4
'test_images/loop_with_traffic_light_0065.png',4
'test_images/loop_with_traffic_light_0066.png',4
'test_images/loop_with_traffic_light_0067.png',4
'test_images/loop_with_traffic_light_0068.png',4
'test_images/loop_with_traffic_light_0069.png',4
'test_images/loop_with_traffic_light_0070.png',4
'test_images/loop_with_traffic_light_0071.png',4
'test_images/loop_with_traffic_light_0072.png',4
'test_images/loop_with_traffic_light_0073.png',4
'test_images/loop_with_traffic_light_0074.png',4
'test_images/loop_with_traffic_light_0075.png',4
'test_images/loop_with_traffic_light_0076.png',4
'test_images/loop_with_traffic_light_0077.png',4
'test_images/loop_with_traffic_light_0078.png',4
'test_images/loop_with_traffic_light_0079.png',4
'test_images/loop_with_traffic_light_0080.png',4
'test_images/loop_with_traffic_light_0081.png',4
'test_images/loop_with_traffic_light_0082.png',4
'test_images/loop_with_traffic_light_0083.png',4
'test_images/loop_with_traffic_light_0084.png',4
'test_images/loop_with_traffic_light_0085.png',4
'test_images/loop_with_traffic_light_0086.png',4
'test_images/loop_with_traffic_light_0087.png',4
'test_images/loop_with_traffic_light_0088.png',4
'test_images/loop_with_traffic_light_0089.png',4
'test_images/loop_with_traffic_light_0090.png',4
'test_images/loop_with_traffic_light_0091.png',4
'test_images/loop_with_traffic_light_0092.png',4
'test_images/loop_with_traffic_light_0093.png',4
'test_images/loop_with_traffic_light_0094.png',4
'test_images/loop_with_traffic_light_0095.png',4
'test_images/loop_with_traffic_light_0096.png',4
'test_images/loop_with_traffic_light_0097.png',4
'test_images/loop_with_traffic_light_0098.png',4
'test_images/loop_with_traffic_light_0099.png',4
'test_images/loop_with_traffic_light_0100.png',4
'test_images/loop_with_traffic_light_0101.png',4
'test_images/loop_with_traffic_light_0102.png',4
'test_images/loop_with_traffic_light_0103.png',4
'test_images/loop_with_traffic_light_0104.png',4
'test_images/loop_with_traffic_light_0105.png',4
'test_images/loop_with_traffic_light_0106.png',4
'test_images/loop_with_traffic_light_0107.png',4
'test_images/loop_with_traffic_light_0108.png',4
'test_images/loop_with_traffic_light_0109.png',4
'test_images/loop_with_traffic_light_0110.png',4
'test_images/loop_with_traffic_light_0111.png',4
'test_images/loop_with_traffic_light_0112.png',4
'test_images/loop_with_traffic_light_0113.png',4
'test_images/loop_with_traffic_light_0114.png',4
'test_images/loop_with_traffic_light_0115.png',4
'test_images/loop_with_traffic_light_0116.png',4
'test_images/loop_with_traffic_light_0117.png',4
'test_images/loop_with_traffic_light_0118.png',4
'test_images/loop_with_traffic_light_0119.png',4
'test_images/loop_with_traffic_light_0120.png',4
'test_images/loop_with_traffic_light_0121.png',4
'test_images/loop_with_traffic_light_0122.png',4
'test_images/loop_with_traffic_light_0123.png',4
'test_images/loop_with_traffic_light_0124.png',4
'test_images/loop_with_traffic_light_0125.png',4
'test_images/loop_with_traffic_light_0126.png',4
'test_images/loop_with_traffic_light_0127.png',4
'test_images/loop_with_traffic_light_0128.png',4
'test_images/loop_with_traffic_light_0129.png',4
'test_images/loop_with_traffic_light_0130.png',4
'test_images/loop_with_traffic_light_0131.png',4
'test_images/loop_with_traffic_light_0132.png',4
'test_images/loop_with_traffic_light_0133.png',4
'test_images/loop_with_traffic_light_0134.png',4
'test_images/loop_with_traffic_light_0135.png',4
'test_images/loop_with_traffic_light_0136.png',4
'test_images/loop_with_traffic_light_0137.png',4
'test_images/loop_with_traffic_light_0138.png',4
'test_images/loop_with_traffic_light_0139.png',4
'test_images/loop_with_traffic_light_0140.png',4
'test_images/loop_with_traffic_light_0141.png',4
'test_images/loop_with_traffic_light_0142.png',4
'test_images/loop_with_traffic_light_0143.png',4
'test_images/loop_with_traffic_light_0144.png',4
'test_images/loop_with_traffic_light_0145.png',4
'test_images/loop_with_traffic_light_0146.png',4
'test_images/loop_with_traffic_light_0147.png',4
'test_images/loop_with_traffic_light_0148.png',4
'test_images/loop_with_traffic_light_0149.png',4
'test_images/loop_with_traffic_light_0150.png',4
'test_images/loop_with_traffic_light_0151.png',4
'test_images/loop_with_traffic_light_0152.png',4
'test_images/loop_with_traffic_light_0153.png',4
'test_images/loop_with_traffic_light_0154.png',4
'test_images/loop_with_traffic_light_0155.png',4
'test_images/loop_with_traffic_light_0156.png',4
'test_images/loop_with_traffic_light_0157.png',4
'test_images/loop_with_traffic_light_0158.png',4
'test_images/loop_with_traffic_light_0159.png',4
'test_images/loop_with_traffic_light_0160.png',4
'test_images/loop_with_traffic_light_0161.png',4
'test_images/loop_with_traffic_light_0162.png',4
'test_images/loop_with_traffic_light_0163.png',4
'test_images/loop_with_traffic_light_0164.png',4
'test_images/loop_with_traffic_light_0165.png',4
'test_images/loop_with_traffic_light_0166.png',4
'test_images/loop_with_traffic_light_0167.png',4
'test_images/loop_with_traffic_light_0168.png',4
'test_images/loop_with_traffic_light_0169.png',4
'test_images/loop_with_traffic_light_0170.png',4
'test_images/loop_with_traffic_light_0171.png',4
'test_images/loop_with_traffic_light_0172.png',4
'test_images/loop_with_traffic_light_0173.png',4
'test_images/loop_with_traffic_light_0174.png',4
'test_images/loop_with_traffic_light_0175.png',4
'test_images/loop_with_traffic_light_0176.png',4
'test_images/loop_with_traffic_light_0177.png',4
'test_images/loop_with_traffic_light_0178.png',4
'test_images/loop_with_traffic_light_0179.png',4
'test_images/loop_with_traffic_light_0180.png',4
'test_images/loop_with_traffic_light_0181.png',4
'test_images/loop_with_traffic_light_0182.png',4
'test_images/loop_with_traffic_light_0183.png',4
'test_images/loop_with_traffic_light_0184.png',4
'test_images/loop_with_traffic_light_0185.png',4
'test_images/loop_with_traffic_light_0186.png',4
'test_images/loop_with_traffic_light_0187.png',4
'test_images/loop_with_traffic_light_0188.png',4
'test_images/loop_with_traffic_light_0189.png',4
'test_images/loop_with_traffic_light_0190.png',4
'test_images/loop_with_traffic_light_0191.png',4
'test_images/loop_with_traffic_light_0192.png',4
'test_images/loop_with_traffic_light_0193.png',4
'test_images/loop_with_traffic_light_0194.png',4
'test_images/loop_with_traffic_light_0195.png',4
'test_images/loop_with_traffic_light_0196.png',4
'test_images/loop_with_traffic_light_0197.png',4
'test_images/loop_with_traffic_light_0198.png',4
'test_images/loop_with_traffic_light_0199.png',4
'test_images/loop_with_traffic_light_0200.png',4
'test_images/loop_with_traffic_light_0201.png',4
'test_images/loop_with_traffic_light_0202.png',4
'test_images/loop_with_traffic_light_0203.png',4
'test_images/loop_with_traffic_light_0204.png',4
'test_images/loop_with_traffic_light_0205.png',4
'test_images/loop_with_traffic_light_0206.png',4
'test_images/loop_with_traffic_light_0207.png',4
'test_images/loop_with_traffic_light_0208.png',4
'test_images/loop_with_traffic_light_0209.png',4
'test_images/loop_with_traffic_light_0210.png',4
'test_images/loop_with_traffic_light_0211.png',4
'test_images/loop_with_traffic_light_0212.png',4
'test_images/loop_with_traffic_light_0213.png',4
'test_images/loop_with_traffic_light_0214.png',4
'test_images/loop_with_traffic_light_0215.png',4
'test_images/loop_with_traffic_light_0216.png',4
'test_images/loop_with_traffic_light_0217.png',4
'test_images/loop_with_traffic_light_0218.png',4
'test_images/loop_with_traffic_light_0219.png',4
'test_images/loop_with_traffic_light_0220.png',4
'test_images/loop_with_traffic_light_0221.png',4
'test_images/loop_with_traffic_light_0222.png',4
'test_images/loop_with_traffic_light_0223.png',4
'test_images/loop_with_traffic_light_0224.png',4
'test_images/loop_with_traffic_light_0225.png',4
'test_images/loop_with_traffic_light_0226.png',4
'test_images/loop_with_traffic_light_0227.png',4
'test_images/loop_with_traffic_light_0228.png',4
'test_images/loop_with_traffic_light_0229.png',4
'test_images/loop_with_traffic_light_0230.png',4
'test_images/loop_with_traffic_light_0231.png',4
'test_images/loop_with_traffic_light_0232.png',4
'test_images/loop_with_traffic_light_0233.png',4
'test_images/loop_with_traffic_light_0234.png',4
'test_images/loop_with_traffic_light_0235.png',4
'test_images/loop_with_traffic_light_0236.png',4
'test_images/loop_with_traffic_light_0237.png',4
'test_images/loop_with_traffic_light_0238.png',4
'test_images/loop_with_traffic_light_0239.png',4
'test_images/loop_with_traffic_light_0240.png',4
'test_images/loop_with_traffic_light_0241.png',4
'test_images/loop_with_traffic_light_0242.png',4
'test_images/loop_with_traffic_light_0243.png',4
'test_images/loop_with_traffic_light_0244.png',4
'test_images/loop_with_traffic_light_0245.png',4
'test_images/loop_with_traffic_light_0246.png',4
'test_images/loop_with_traffic_light_0247.png',4
'test_images/loop_with_traffic_light_0248.png',4
'test_images/loop_with_traffic_light_0249.png',4
'test_images/loop_with_traffic_light_0250.png',4
'test_images/loop_with_traffic_light_0251.png',4
'test_images/loop_with_traffic_light_0252.png',4
'test_images/loop_with_traffic_light_0253.png',4
'test_images/loop_with_traffic_light_0254.png',4
'test_images/loop_with_traffic_light_0255.png',4
'test_images/loop_with_traffic_light_0256.png',4
'test_images/loop_with_traffic_light_0257.png',4
'test_images/loop_with_traffic_light_0258.png',4
'test_images/loop_with_traffic_light_0259.png',4
'test_images/loop_with_traffic_light_0260.png',4
'test_images/loop_with_traffic_light_0261.png',4
'test_images/loop_with_traffic_light_0262.png',4
'test_images/loop_with_traffic_light_0263.png',4
'test_images/loop_with_traffic_light_0264.png',4
'test_images/loop_with_traffic_light_0265.png',4
'test_images/loop_with_traffic_light_0266.png',4
'test_images/loop_with_traffic_light_0267.png',4
'test_images/loop_with_traffic_light_0268.png',4
'test_images/loop_with_traffic_light_0269.png',4
'test_images/loop_with_traffic_light_0270.png',4
'test_images/loop_with_traffic_light_0271.png',4
'test_images/loop_with_traffic_light_0272.png',4
'test_images/loop_with_traffic_light_0273.png',4
'test_images/loop_with_traffic_light_0274.png',4
'test_images/loop_with_traffic_light_0275.png',0
'test_images/loop_with_traffic_light_0276.png',0
'test_images/loop_with_traffic_light_0277.png',0
'test_images/loop_with_traffic_light_0278.png',0
'test_images/loop_with_traffic_light_0279.png',0
'test_images/loop_with_traffic_light_0280.png',0
'test_images/loop_with_traffic_light_0281.png',0
'test_images/loop_with_traffic_light_0282.png',0
'test_images/loop_with_traffic_light_0283.png',0
'test_images/loop_with_traffic_light_0284.png',0
'test_images/loop_with_traffic_light_0285.png',0
'test_images/loop_with_traffic_light_0286.png',0
'test_images/loop_with_traffic_light_0287.png',0
'test_images/loop_with_traffic_light_0288.png',0
'test_images/loop_with_traffic_light_0289.png',0
'test_images/loop_with_traffic_light_0290.png',0
'test_images/loop_with_traffic_light_0291.png',0
'test_images/loop_with_traffic_light_0292.png',0
'test_images/loop_with_traffic_light_0293.png',0
'test_images/loop_with_traffic_light_0294.png',0
'test_images/loop_with_traffic_light_0295.png',0
'test_images/loop_with_traffic_light_0296.png',0
'test_images/loop_with_traffic_light_0297.png',0
'test_images/loop_with_traffic_light_0298.png',0
'test_images/loop_with_traffic_light_0299.png',0
'test_images/loop_with_traffic_light_0300.png',0
'test_images/loop_with_traffic_light_0301.png',0
'test_images/loop_with_traffic_light_0302.png',0
'test_images/loop_with_traffic_light_0303.png',0
'test_images/loop_with_traffic_light_0304.png',0
'test_images/loop_with_traffic_light_0305.png',0
'test_images/loop_with_traffic_light_0306.png',0
'test_images/loop_with_traffic_light_0307.png',0
'test_images/loop_with_traffic_light_0308.png',0
'test_images/loop_with_traffic_light_0309.png',0
'test_images/loop_with_traffic_light_0310.png',0
'test_images/loop_with_traffic_light_0311.png',0
'test_images/loop_with_traffic_light_0312.png',0
'test_images/loop_with_traffic_light_0313.png',0
'test_images/loop_with_traffic_light_0314.png',0
'test_images/loop_with_traffic_light_0315.png',0
'test_images/loop_with_traffic_light_0316.png',0
'test_images/loop_with_traffic_light_0317.png',0
'test_images/loop_with_traffic_light_0318.png',0
'test_images/loop_with_traffic_light_0319.png',0
'test_images/loop_with_traffic_light_0320.png',0
'test_images/loop_with_traffic_light_0321.png',0
'test_images/loop_with_traffic_light_0322.png',0
'test_images/loop_with_traffic_light_0323.png',0
'test_images/loop_with_traffic_light_0324.png',0
'test_images/loop_with_traffic_light_0325.png',0
'test_images/loop_with_traffic_light_0326.png',0
'test_images/loop_with_traffic_light_0327.png',0
'test_images/loop_with_traffic_light_0328.png',0
'test_images/loop_with_traffic_light_0329.png',0
'test_images/loop_with_traffic_light_0330.png',0
'test_images/loop_with_traffic_light_0331.png',0
'test_images/loop_with_traffic_light_0332.png',0
'test_images/loop_with_traffic_light_0333.png',0
'test_images/loop_with_traffic_light_0334.png',0
'test_images/loop_with_traffic_light_0335.png',0
'test_images/loop_with_traffic_light_0336.png',0
'test_images/loop_with_traffic_light_0337.png',0
'test_images/loop_with_traffic_light_0338.png',0
'test_images/loop_with_traffic_light_0339.png',0
'test_images/loop_with_traffic_light_0340.png',0
'test_images/loop_with_traffic_light_0341.png',0
'test_images/loop_with_traffic_light_0342.png',0
'test_images/loop_with_traffic_light_0343.png',0
'test_images/loop_with_traffic_light_0344.png',0
'test_images/loop_with_traffic_light_0345.png',0
'test_images/loop_with_traffic_light_0346.png',0
'test_images/loop_with_traffic_light_0347.png',0
'test_images/loop_with_traffic_light_0348.png',0
'test_images/loop_with_traffic_light_0349.png',0
'test_images/loop_with_traffic_light_0350.png',0
'test_images/loop_with_traffic_light_0351.png',0
'test_images/loop_with_traffic_light_0352.png',0
'test_images/loop_with_traffic_light_0353.png',0
'test_images/loop_with_traffic_light_0354.png',0
'test_images/loop_with_traffic_light_0355.png',0
'test_images/loop_with_traffic_light_0356.png',0
'test_images/loop_with_traffic_light_0357.png',0
'test_images/loop_with_traffic_light_0358.png',0
'test_images/loop_with_traffic_light_0359.png',0
'test_images/loop_with_traffic_light_0360.png',0
'test_images/loop_with_traffic_light_0361.png',0
'test_images/loop_with_traffic_light_0362.png',0
'test_images/loop_with_traffic_light_0363.png',0
'test_images/loop_with_traffic_light_0364.png',0
'test_images/loop_with_traffic_light_0365.png',0
'test_images/loop_with_traffic_light_0366.png',0
'test_images/loop_with_traffic_light_0367.png',0
'test_images/loop_with_traffic_light_0368.png',0
'test_images/loop_with_traffic_light_0369.png',0
'test_images/loop_with_traffic_light_0370.png',0
'test_images/loop_with_traffic_light_0371.png',0
'test_images/loop_with_traffic_light_0372.png',0
'test_images/loop_with_traffic_light_0373.png',0
'test_images/loop_with_traffic_light_0374.png',0
'test_images/loop_with_traffic_light_0375.png',0
'test_images/loop_with_traffic_light_0376.png',0
'test_images/loop_with_traffic_light_0377.png',0
'test_images/loop_with_traffic_light_0378.png',0
'test_images/loop_with_traffic_light_0379.png',0
'test_images/loop_with_traffic_light_0380.png',0
'test_images/loop_with_traffic_light_0381.png',2
'test_images/loop_with_traffic_light_0382.png',2
'test_images/loop_with_traffic_light_0383.png',2
'test_images/loop_with_traffic_light_0384.png',2
'test_images/loop_with_traffic_light_0385.png',2
'test_images/loop_with_traffic_light_0386.png',2
'test_images/loop_with_traffic_light_0387.png',2
'test_images/loop_with_traffic_light_0388.png',2
'test_images/loop_with_traffic_light_0389.png',2
'test_images/loop_with_traffic_light_0390.png',2
'test_images/loop_with_traffic_light_0391.png',2
'test_images/loop_with_traffic_light_0392.png',2
'test_images/loop_with_traffic_light_0393.png',2
'test_images/loop_with_traffic_light_0394.png',2
'test_images/loop_with_traffic_light_0395.png',2
'test_images/loop_with_traffic_light_0396.png',4
'test_images/loop_with_traffic_light_0397.png',4
'test_images/loop_with_traffic_light_0398.png',4
'test_images/loop_with_traffic_light_0399.png',4
'test_images/loop_with_traffic_light_0400.png',4
'test_images/loop_with_traffic_light_0401.png',4
'test_images/loop_with_traffic_light_0402.png',4
'test_images/loop_with_traffic_light_0403.png',4
'test_images/loop_with_traffic_light_0404.png',4
'test_images/loop_with_traffic_light_0405.png',4
'test_images/loop_with_traffic_light_0406.png',4
'test_images/loop_with_traffic_light_0407.png',4
'test_images/loop_with_traffic_light_0408.png',4
'test_images/loop_with_traffic_light_0409.png',4
'test_images/loop_with_traffic_light_0410.png',4
'test_images/loop_with_traffic_light_0411.png',4
'test_images/loop_with_traffic_light_0412.png',4
'test_images/loop_with_traffic_light_0413.png',4
'test_images/loop_with_traffic_light_0414.png',4
'test_images/loop_with_traffic_light_0415.png',4
'test_images/loop_with_traffic_light_0416.png',4
'test_images/loop_with_traffic_light_0417.png',4
'test_images/loop_with_traffic_light_0418.png',4
'test_images/loop_with_traffic_light_0419.png',4
'test_images/loop_with_traffic_light_0420.png',4
'test_images/loop_with_traffic_light_0421.png',4
'test_images/loop_with_traffic_light_0422.png',4
'test_images/loop_with_traffic_light_0423.png',4
'test_images/loop_with_traffic_light_0424.png',4
'test_images/loop_with_traffic_light_0425.png',4
'test_images/loop_with_traffic_light_0426.png',4
'test_images/loop_with_traffic_light_0427.png',4
'test_images/loop_with_traffic_light_0428.png',4
'test_images/loop_with_traffic_light_0429.png',4
'test_images/loop_with_traffic_light_0430.png',4
'test_images/loop_with_traffic_light_0431.png',4
'test_images/loop_with_traffic_light_0432.png',4
'test_images/loop_with_traffic_light_0433.png',4
'test_images/loop_with_traffic_light_0434.png',4
'test_images/loop_with_traffic_light_0435.png',4
'test_images/loop_with_traffic_light_0436.png',4
'test_images/loop_with_traffic_light_0437.png',4
'test_images/loop_with_traffic_light_0438.png',4
'test_images/loop_with_traffic_light_0439.png',4
'test_images/loop_with_traffic_light_0440.png',4
'test_images/loop_with_traffic_light_0441.png',4
'test_images/loop_with_traffic_light_0442.png',4
'test_images/loop_with_traffic_light_0443.png',4
'test_images/loop_with_traffic_light_0444.png',4
'test_images/loop_with_traffic_light_0445.png',4
'test_images/loop_with_traffic_light_0446.png',4
'test_images/loop_with_traffic_light_0447.png',4
'test_images/loop_with_traffic_light_0448.png',4
'test_images/loop_with_traffic_light_0449.png',4
'test_images/loop_with_traffic_light_0450.png',4
'test_images/loop_with_traffic_light_0451.png',4
'test_images/loop_with_traffic_light_0452.png',4
'test_images/loop_with_traffic_light_0453.png',4
'test_images/loop_with_traffic_light_0454.png',4
'test_images/loop_with_traffic_light_0455.png',4
'test_images/loop_with_traffic_light_0456.png',4
'test_images/loop_with_traffic_light_0457.png',4
'test_images/loop_with_traffic_light_0458.png',4
'test_images/loop_with_traffic_light_0459.png',4
'test_images/loop_with_traffic_light_0460.png',4
'test_images/loop_with_traffic_light_0461.png',4
'test_images/loop_with_traffic_light_0462.png',4
'test_images/loop_with_traffic_light_0463.png',4
'test_images/loop_with_traffic_light_0464.png',4
'test_images/loop_with_traffic_light_0465.png',4
'test_images/loop_with_traffic_light_0466.png',4
'test_images/loop_with_traffic_light_0467.png',4
'test_images/loop_with_traffic_light_0468.png',4
'test_images/loop_with_traffic_light_0469.png',4
'test_images/loop_with_traffic_light_0470.png',4
'test_images/loop_with_traffic_light_0471.png',4
'test_images/loop_with_traffic_light_0472.png',4
'test_images/loop_with_traffic_light_0473.png',4
'test_images/loop_with_traffic_light_0474.png',4
'test_images/loop_with_traffic_light_0475.png',4
'test_images/loop_with_traffic_light_0476.png',4
'test_images/loop_with_traffic_light_0477.png',4
'test_images/loop_with_traffic_light_0478.png',4
'test_images/loop_with_traffic_light_0479.png',4
'test_images/loop_with_traffic_light_0480.png',4
'test_images/loop_with_traffic_light_0481.png',4
'test_images/loop_with_traffic_light_0482.png',4
'test_images/loop_with_traffic_light_0483.png',4
'test_images/loop_with_traffic_light_0484.png',4
'test_images/loop_with_traffic_light_0485.png',4
'test_images/loop_with_traffic_light_0486.png',4
'test_images/loop_with_traffic_light_0487.png',4
'test_images/loop_with_traffic_light_0488.png',4
'test_images/loop_with_traffic_light_0489.png',4
'test_images/loop_with_traffic_light_0490.png',4
'test_images/loop_with_traffic_light_0491.png',4
'test_images/loop_with_traffic_light_0492.png',4
'test_images/loop_with_traffic_light_0493.png',4
'test_images/loop_with_traffic_light_0494.png',4
'test_images/loop_with_traffic_light_0495.png',4
'test_images/loop_with_traffic_light_0496.png',4
'test_images/loop_with_traffic_light_0497.png',4
'test_images/loop_with_traffic_light_0498.png',4
'test_images/loop_with_traffic_light_0499.png',4
'test_images/loop_with_traffic_light_0500.png',4
'test_images/loop_with_traffic_light_0501.png',4
'test_images/loop_with_traffic_light_0502.png',4
'test_images/loop_with_traffic_light_0503.png',4
'test_images/loop_with_traffic_light_0504.png',4
'test_images/loop_with_traffic_light_0505.png',4
'test_images/loop_with_traffic_light_0506.png',4
'test_images/loop_with_traffic_light_0507.png',4
'test_images/loop_with_traffic_light_0508.png',4
'test_images/loop_with_traffic_light_0509.png',4
'test_images/loop_with_traffic_light_0510.png',4
'test_images/loop_with_traffic_light_0511.png',4
'test_images/loop_with_traffic_light_0512.png',4
'test_images/loop_with_traffic_light_0513.png',4
'test_images/loop_with_traffic_light_0514.png',4
'test_images/loop_with_traffic_light_0515.png',4
'test_images/loop_with_traffic_light_0516.png',4
'test_images/loop_with_traffic_light_0517.png',4
'test_images/loop_with_traffic_light_0518.png',4
'test_images/loop_with_traffic_light_0519.png',4
'test_images/loop_with_traffic_light_0520.png',4
'test_images/loop_with_traffic_light_0521.png',4
'test_images/loop_with_traffic_light_0522.png',4
'test_images/loop_with_traffic_light_0523.png',4
'test_images/loop_with_traffic_light_0524.png',4
'test_images/loop_with_traffic_light_0525.png',4
'test_images/loop_with_traffic_light_0526.png',4
'test_images/loop_with_traffic_light_0527.png',4
'test_images/loop_with_traffic_light_0528.png',4
'test_images/loop_with_traffic_light_0529.png',4
'test_images/loop_with_traffic_light_0530.png',4
'test_images/loop_with_traffic_light_0531.png',4
'test_images/loop_with_traffic_light_0532.png',4
'test_images/loop_with_traffic_light_0533.png',4
'test_images/loop_with_traffic_light_0534.png',4
'test_images/loop_with_traffic_light_0535.png',4
'test_images/loop_with_traffic_light_0536.png',4
'test_images/loop_with_traffic_light_0537.png',4
'test_images/loop_with_traffic_light_0538.png',4
'test_images/loop_with_traffic_light_0539.png',4
'test_images/loop_with_traffic_light_0540.png',4
'test_images/loop_with_traffic_light_0541.png',4
'test_images/loop_with_traffic_light_0542.png',4
'test_images/loop_with_traffic_light_0543.png',4
'test_images/loop_with_traffic_light_0544.png',4
'test_images/loop_with_traffic_light_0545.png',4
'test_images/loop_with_traffic_light_0546.png',4
'test_images/loop_with_traffic_light_0547.png',4
'test_images/loop_with_traffic_light_0548.png',4
'test_images/loop_with_traffic_light_0549.png',4
'test_images/loop_with_traffic_light_0550.png',4
'test_images/loop_with_traffic_light_0551.png',4
'test_images/loop_with_traffic_light_0552.png',4
'test_images/loop_with_traffic_light_0553.png',4
'test_images/loop_with_traffic_light_0554.png',4
'test_images/loop_with_traffic_light_0555.png',4
'test_images/loop_with_traffic_light_0556.png',4
'test_images/loop_with_traffic_light_0557.png',4
'test_images/loop_with_traffic_light_0558.png',4
'test_images/loop_with_traffic_light_0559.png',4
'test_images/loop_with_traffic_light_0560.png',4
'test_images/loop_with_traffic_light_0561.png',4
'test_images/loop_with_traffic_light_0562.png',4
'test_images/loop_with_traffic_light_0563.png',4
'test_images/loop_with_traffic_light_0564.png',4
'test_images/loop_with_traffic_light_0565.png',4
'test_images/loop_with_traffic_light_0566.png',4
'test_images/loop_with_traffic_light_0567.png',4
'test_images/loop_with_traffic_light_0568.png',4
'test_images/loop_with_traffic_light_0569.png',4
'test_images/loop_with_traffic_light_0570.png',4
'test_images/loop_with_traffic_light_0571.png',4
'test_images/loop_with_traffic_light_0572.png',4
'test_images/loop_with_traffic_light_0573.png',4
'test_images/loop_with_traffic_light_0574.png',4
'test_images/loop_with_traffic_light_0575.png',4
'test_images/loop_with_traffic_light_0576.png',4
'test_images/loop_with_traffic_light_0577.png',4
'test_images/loop_with_traffic_light_0578.png',4
'test_images/loop_with_traffic_light_0579.png',4
'test_images/loop_with_traffic_light_0580.png',4
'test_images/loop_with_traffic_light_0581.png',4
'test_images/loop_with_traffic_light_0582.png',4
'test_images/loop_with_traffic_light_0583.png',4
'test_images/loop_with_traffic_light_0584.png',4
'test_images/loop_with_traffic_light_0585.png',4
'test_images/loop_with_traffic_light_0586.png',4
'test_images/loop_with_traffic_light_0587.png',4
'test_images/loop_with_traffic_light_0588.png',4
'test_images/loop_with_traffic_light_0589.png',4
'test_images/loop_with_traffic_light_0590.png',4
'test_images/loop_with_traffic_light_0591.png',4
'test_images/loop_with_traffic_light_0592.png',4
'test_images/loop_with_traffic_light_0593.png',4
'test_images/loop_with_traffic_light_0594.png',4
'test_images/loop_with_traffic_light_0595.png',4
'test_images/loop_with_traffic_light_0596.png',4
'test_images/loop_with_traffic_light_0597.png',4
'test_images/loop_with_traffic_light_0598.png',4
'test_images/loop_with_traffic_light_0599.png',4
'test_images/loop_with_traffic_light_0600.png',4
'test_images/loop_with_traffic_light_0601.png',4
'test_images/loop_with_traffic_light_0602.png',4
'test_images/loop_with_traffic_light_0603.png',4
'test_images/loop_with_traffic_light_0604.png',4
'test_images/loop_with_traffic_light_0605.png',4
'test_images/loop_with_traffic_light_0606.png',4
'test_images/loop_with_traffic_light_0607.png',4
'test_images/loop_with_traffic_light_0608.png',4
'test_images/loop_with_traffic_light_0609.png',4
'test_images/loop_with_traffic_light_0610.png',4
'test_images/loop_with_traffic_light_0611.png',4
'test_images/loop_with_traffic_light_0612.png',4
'test_images/loop_with_traffic_light_0613.png',4
'test_images/loop_with_traffic_light_0614.png',4
'test_images/loop_with_traffic_light_0615.png',4
'test_images/loop_with_traffic_light_0616.png',4
'test_images/loop_with_traffic_light_0617.png',4
'test_images/loop_with_traffic_light_0618.png',4
'test_images/loop_with_traffic_light_0619.png',4
'test_images/loop_with_traffic_light_0620.png',4
'test_images/loop_with_traffic_light_0621.png',4
'test_images/loop_with_traffic_light_0622.png',4
'test_images/loop_with_traffic_light_0623.png',4
'test_images/loop_with_traffic_light_0624.png',4
'test_images/loop_with_traffic_light_0625.png',4
'test_images/loop_with_traffic_light_0626.png',4
'test_images/loop_with_traffic_light_0627.png',4
'test_images/loop_with_traffic_light_0628.png',4
'test_images/loop_with_traffic_light_0629.png',4
'test_images/loop_with_traffic_light_0630.png',4
'test_images/loop_with_traffic_light_0631.png',4
'test_images/loop_with_traffic_light_0632.png',4
'test_images/loop_with_traffic_light_0633.png',4
'test_images/loop_with_traffic_light_0634.png',4
'test_images/loop_with_traffic_light_0635.png',4
'test_images/loop_with_traffic_light_0636.png',4
'test_images/loop_with_traffic_light_0637.png',4
'test_images/loop_with_traffic_light_0638.png',4
'test_images/loop_with_traffic_light_0639.png',4
'test_images/loop_with_traffic_light_0640.png',4
'test_images/loop_with_traffic_light_0641.png',4
'test_images/loop_with_traffic_light_0642.png',4
'test_images/loop_with_traffic_light_0643.png',4
'test_images/loop_with_traffic_light_0644.png',4
'test_images/loop_with_traffic_light_0645.png',4
'test_images/loop_with_traffic_light_0646.png',4
'test_images/loop_with_traffic_light_0647.png',4
'test_images/loop_with_traffic_light_0648.png',4
'test_images/loop_with_traffic_light_0649.png',4
'test_images/loop_with_traffic_light_0650.png',4
'test_images/loop_with_traffic_light_0651.png',0
'test_images/loop_with_traffic_light_0652.png',0
'test_images/loop_with_traffic_light_0653.png',0
'test_images/loop_with_traffic_light_0654.png',0
'test_images/loop_with_traffic_light_0655.png',0
'test_images/loop_with_traffic_light_0656.png',0
'test_images/loop_with_traffic_light_0657.png',0
'test_images/loop_with_traffic_light_0658.png',0
'test_images/loop_with_traffic_light_0659.png',0
'test_images/loop_with_traffic_light_0660.png',0
'test_images/loop_with_traffic_light_0661.png',0
'test_images/loop_with_traffic_light_0662.png',0
'test_images/loop_with_traffic_light_0663.png',0
'test_images/loop_with_traffic_light_0664.png',0
'test_images/loop_with_traffic_light_0665.png',0
'test_images/loop_with_traffic_light_0666.png',0
'test_images/loop_with_traffic_light_0667.png',0
'test_images/loop_with_traffic_light_0668.png',0
'test_images/loop_with_traffic_light_0669.png',0
'test_images/loop_with_traffic_light_0670.png',0
'test_images/loop_with_traffic_light_0671.png',0
'test_images/loop_with_traffic_light_0672.png',0
'test_images/loop_with_traffic_light_0673.png',0
'test_images/loop_with_traffic_light_0674.png',0
'test_images/loop_with_traffic_light_0675.png',0
'test_images/loop_with_traffic_light_0676.png',0
'test_images/loop_with_traffic_light_0677.png',0
'test_images/loop_with_traffic_light_0678.png',0
'test_images/loop_with_traffic_light_0679.png',0
'test_images/loop_with_traffic_light_0680.png',0
'test_images/loop_with_traffic_light_0681.png',0
'test_images/loop_with_traffic_light_0682.png',0
'test_images/loop_with_traffic_light_0683.png',0
'test_images/loop_with_traffic_light_0684.png',0
'test_images/loop_with_traffic_light_0685.png',0
'test_images/loop_with_traffic_light_0686.png',0
'test_images/loop_with_traffic_light_0687.png',0
'test_images/loop_with_traffic_light_0688.png',0
'test_images/loop_with_traffic_light_0689.png',0
'test_images/loop_with_traffic_light_0690.png',0
'test_images/loop_with_traffic_light_0691.png',2
'test_images/loop_with_traffic_light_0692.png',2
'test_images/loop_with_traffic_light_0693.png',2
'test_images/loop_with_traffic_light_0694.png',2
'test_images/loop_with_traffic_light_0695.png',2
'test_images/loop_with_traffic_light_0696.png',2
'test_images/loop_with_traffic_light_0697.png',2
'test_images/loop_with_traffic_light_0698.png',2
'test_images/loop_with_traffic_light_0699.png',2
'test_images/loop_with_traffic_light_0700.png',2
'test_images/loop_with_traffic_light_0701.png',2
'test_images/loop_with_traffic_light_0702.png',2
'test_images/loop_with_traffic_light_0703.png',2
'test_images/loop_with_traffic_light_0704.png',2
'test_images/loop_with_traffic_light_0705.png',2
'test_images/loop_with_traffic_light_0706.png',2
'test_images/loop_with_traffic_light_0707.png',2
'test_images/loop_with_traffic_light_0708.png',2
'test_images/loop_with_traffic_light_0709.png',2
'test_images/loop_with_traffic_light_0710.png',2
'test_images/loop_with_traffic_light_0711.png',2
'test_images/loop_with_traffic_light_0712.png',2
'test_images/loop_with_traffic_light_0713.png',2
'test_images/loop_with_traffic_light_0714.png',2
'test_images/loop_with_traffic_light_0715.png',2
'test_images/loop_with_traffic_light_0716.png',2
'test_images/loop_with_traffic_light_0717.png',2
'test_images/loop_with_traffic_light_0718.png',2
'test_images/loop_with_traffic_light_0719.png',2
'test_images/loop_with_traffic_light_0720.png',2
'test_images/loop_with_traffic_light_0721.png',2
'test_images/loop_with_traffic_light_0722.png',2
'test_images/loop_with_traffic_light_0723.png',2
'test_images/loop_with_traffic_light_0724.png',2
'test_images/loop_with_traffic_light_0725.png',2
'test_images/loop_with_traffic_light_0726.png',2
'test_images/loop_with_traffic_light_0727.png',2
'test_images/loop_with_traffic_light_0728.png',2
'test_images/loop_with_traffic_light_0729.png',2
'test_images/loop_with_traffic_light_0730.png',2
'test_images/loop_with_traffic_light_0731.png',2
'test_images/loop_with_traffic_light_0732.png',2
'test_images/loop_with_traffic_light_0733.png',2
'test_images/loop_with_traffic_light_0734.png',2
'test_images/loop_with_traffic_light_0735.png',2
'test_images/loop_with_traffic_light_0736.png',2
'test_images/loop_with_traffic_light_0737.png',2
'test_images/loop_with_traffic_light_0738.png',4
'test_images/loop_with_traffic_light_0739.png',4
'test_images/loop_with_traffic_light_0740.png',4
'test_images/loop_with_traffic_light_0741.png',4
'test_images/loop_with_traffic_light_0742.png',4
'test_images/loop_with_traffic_light_0743.png',4
'test_images/loop_with_traffic_light_0744.png',4
'test_images/loop_with_traffic_light_0745.png',4
'test_images/loop_with_traffic_light_0746.png',4
'test_images/loop_with_traffic_light_0747.png',4
'test_images/loop_with_traffic_light_0748.png',4
'test_images/loop_with_traffic_light_0749.png',4
'test_images/loop_with_traffic_light_0750.png',4
'test_images/loop_with_traffic_light_0751.png',4
'test_images/loop_with_traffic_light_0752.png',4
'test_images/loop_with_traffic_light_0753.png',4
'test_images/loop_with_traffic_light_0754.png',4
'test_images/loop_with_traffic_light_0755.png',4
'test_images/loop_with_traffic_light_0756.png',4
'test_images/loop_with_traffic_light_0757.png',4
'test_images/loop_with_traffic_light_0758.png',4
'test_images/loop_with_traffic_light_0759.png',4
'test_images/loop_with_traffic_light_0760.png',4
'test_images/loop_with_traffic_light_0761.png',4
'test_images/loop_with_traffic_light_0762.png',4
'test_images/loop_with_traffic_light_0763.png',4
'test_images/loop_with_traffic_light_0764.png',4
'test_images/loop_with_traffic_light_0765.png',4
'test_images/loop_with_traffic_light_0766.png',4
'test_images/loop_with_traffic_light_0767.png',4
'test_images/loop_with_traffic_light_0768.png',4
'test_images/loop_with_traffic_light_0769.png',4
'test_images/loop_with_traffic_light_0770.png',4
'test_images/loop_with_traffic_light_0771.png',4
'test_images/loop_with_traffic_light_0772.png',4
'test_images/loop_with_traffic_light_0773.png',4
'test_images/loop_with_traffic_light_0774.png',4
'test_images/loop_with_traffic_light_0775.png',4
'test_images/loop_with_traffic_light_0776.png',4
'test_images/loop_with_traffic_light_0777.png',4
'test_images/loop_with_traffic_light_0778.png',4
'test_images/loop_with_traffic_light_0779.png',4
'test_images/loop_with_traffic_light_0780.png',4
'test_images/loop_with_traffic_light_0781.png',4
'test_images/loop_with_traffic_light_0782.png',4
'test_images/loop_with_traffic_light_0783.png',4
'test_images/loop_with_traffic_light_0784.png',4
'test_images/loop_with_traffic_light_0785.png',4
'test_images/loop_with_traffic_light_0786.png',4
'test_images/loop_with_traffic_light_0787.png',4
'test_images/loop_with_traffic_light_0788.png',4
'test_images/loop_with_traffic_light_0789.png',4
'test_images/loop_with_traffic_light_0790.png',4
'test_images/loop_with_traffic_light_0791.png',4
'test_images/loop_with_traffic_light_0792.png',4
'test_images/loop_with_traffic_light_0793.png',4
'test_images/loop_with_traffic_light_0794.png',4
'test_images/loop_with_traffic_light_0795.png',4
'test_images/loop_with_traffic_light_0796.png',4
'test_images/loop_with_traffic_light_0797.png',4
'test_images/loop_with_traffic_light_0798.png',4
'test_images/loop_with_traffic_light_0799.png',4
'test_images/loop_with_traffic_light_0800.png',4
'test_images/loop_with_traffic_light_0801.png',4
'test_images/loop_with_traffic_light_0802.png',4
'test_images/loop_with_traffic_light_0803.png',4
'test_images/loop_with_traffic_light_0804.png',4
'test_images/loop_with_traffic_light_0805.png',4
'test_images/loop_with_traffic_light_0806.png',4
'test_images/loop_with_traffic_light_0807.png',4
'test_images/loop_with_traffic_light_0808.png',4
'test_images/loop_with_traffic_light_0809.png',4
'test_images/loop_with_traffic_light_0810.png',4
'test_images/loop_with_traffic_light_0811.png',4
'test_images/loop_with_traffic_light_0812.png',4
'test_images/loop_with_traffic_light_0813.png',4
'test_images/loop_with_traffic_light_0814.png',4
'test_images/loop_with_traffic_light_0815.png',4
'test_images/loop_with_traffic_light_0816.png',4
'test_images/loop_with_traffic_light_0817.png',4
'test_images/loop_with_traffic_light_0818.png',4
'test_images/loop_with_traffic_light_0819.png',4
'test_images/loop_with_traffic_light_0820.png',4
'test_images/loop_with_traffic_light_0821.png',4
'test_images/loop_with_traffic_light_0822.png',4
'test_images/loop_with_traffic_light_0823.png',4
'test_images/loop_with_traffic_light_0824.png',4
'test_images/loop_with_traffic_light_0825.png',4
'test_images/loop_with_traffic_light_0826.png',4
'test_images/loop_with_traffic_light_0827.png',4
'test_images/loop_with_traffic_light_0828.png',4
'test_images/loop_with_traffic_light_0829.png',4
'test_images/loop_with_traffic_light_0830.png',4
'test_images/loop_with_traffic_light_0831.png',4
'test_images/loop_with_traffic_light_0832.png',4
'test_images/loop_with_traffic_light_0833.png',4
'test_images/loop_with_traffic_light_0834.png',4
'test_images/loop_with_traffic_light_0835.png',4
'test_images/loop_with_traffic_light_0836.png',4
'test_images/loop_with_traffic_light_0837.png',4
'test_images/loop_with_traffic_light_0838.png',4
'test_images/loop_with_traffic_light_0839.png',4
'test_images/loop_with_traffic_light_0840.png',4
'test_images/loop_with_traffic_light_0841.png',4
'test_images/loop_with_traffic_light_0842.png',4
'test_images/loop_with_traffic_light_0843.png',4
'test_images/loop_with_traffic_light_0844.png',4
'test_images/loop_with_traffic_light_0845.png',4
'test_images/loop_with_traffic_light_0846.png',4
'test_images/loop_with_traffic_light_0847.png',4
'test_images/loop_with_traffic_light_0848.png',4
'test_images/loop_with_traffic_light_0849.png',4
'test_images/loop_with_traffic_light_0850.png',4
'test_images/loop_with_traffic_light_0851.png',4
'test_images/loop_with_traffic_light_0852.png',4
'test_images/loop_with_traffic_light_0853.png',4
'test_images/loop_with_traffic_light_0854.png',4
'test_images/loop_with_traffic_light_0855.png',4
'test_images/loop_with_traffic_light_0856.png',4
'test_images/loop_with_traffic_light_0857.png',4
'test_images/loop_with_traffic_light_0858.png',4
'test_images/loop_with_traffic_light_0859.png',4
'test_images/loop_with_traffic_light_0860.png',4
'test_images/loop_with_traffic_light_0861.png',4
'test_images/loop_with_traffic_light_0862.png',4
'test_images/loop_with_traffic_light_0863.png',4
'test_images/loop_with_traffic_light_0864.png',4
'test_images/loop_with_traffic_light_0865.png',4
'test_images/loop_with_traffic_light_0866.png',4
'test_images/loop_with_traffic_light_0867.png',4
'test_images/loop_with_traffic_light_0868.png',4
'test_images/loop_with_traffic_light_0869.png',4
'test_images/loop_with_traffic_light_0870.png',4
'test_images/loop_with_traffic_light_0871.png',4
'test_images/loop_with_traffic_light_0872.png',4
'test_images/loop_with_traffic_light_0873.png',4
'test_images/loop_with_traffic_light_0874.png',4
'test_images/loop_with_traffic_light_0875.png',4
'test_images/loop_with_traffic_light_0876.png',4
'test_images/loop_with_traffic_light_0877.png',4
'test_images/loop_with_traffic_light_0878.png',4
'test_images/loop_with_traffic_light_0879.png',4
'test_images/loop_with_traffic_light_0880.png',4
'test_images/loop_with_traffic_light_0881.png',4
'test_images/loop_with_traffic_light_0882.png',4
'test_images/loop_with_traffic_light_0883.png',4
'test_images/loop_with_traffic_light_0884.png',4
'test_images/loop_with_traffic_light_0885.png',4
'test_images/loop_with_traffic_light_0886.png',4
'test_images/loop_with_traffic_light_0887.png',4
'test_images/loop_with_traffic_light_0888.png',4
'test_images/loop_with_traffic_light_0889.png',4
'test_images/loop_with_traffic_light_0890.png',4
'test_images/loop_with_traffic_light_0891.png',4
'test_images/loop_with_traffic_light_0892.png',4
'test_images/loop_with_traffic_light_0893.png',4
'test_images/loop_with_traffic_light_0894.png',4
'test_images/loop_with_traffic_light_0895.png',4
'test_images/loop_with_traffic_light_0896.png',4
'test_images/loop_with_traffic_light_0897.png',4
'test_images/loop_with_traffic_light_0898.png',4
'test_images/loop_with_traffic_light_0899.png',4
'test_images/loop_with_traffic_light_0900.png',4
'test_images/loop_with_traffic_light_0901.png',4
'test_images/loop_with_traffic_light_0902.png',4
'test_images/loop_with_traffic_light_0903.png',4
'test_images/loop_with_traffic_light_0904.png',4
'test_images/loop_with_traffic_light_0905.png',4
'test_images/loop_with_traffic_light_0906.png',4
'test_images/loop_with_traffic_light_0907.png',4
'test_images/loop_with_traffic_light_0908.png',4
'test_images/loop_with_traffic_light_0909.png',4
'test_images/loop_with_traffic_light_0910.png',4
'test_images/loop_with_traffic_light_0911.png',4
'test_images/loop_with_traffic_light_0912.png',4
'test_images/loop_with_traffic_light_0913.png',4
'test_images/loop_with_traffic_light_0914.png',4
'test_images/loop_with_traffic_light_0915.png',4
'test_images/loop_with_traffic_light_0916.png',4
'test_images/loop_with_traffic_light_0917.png',4
'test_images/loop_with_traffic_light_0918.png',4
'test_images/loop_with_traffic_light_0919.png',4
'test_images/loop_with_traffic_light_0920.png',4
'test_images/loop_with_traffic_light_0921.png',4
'test_images/loop_with_traffic_light_0922.png',4
'test_images/loop_with_traffic_light_0923.png',4
'test_images/loop_with_traffic_light_0924.png',4
'test_images/loop_with_traffic_light_0925.png',4
'test_images/loop_with_traffic_light_0926.png',4
'test_images/loop_with_traffic_light_0927.png',4
'test_images/loop_with_traffic_light_0928.png',4
'test_images/loop_with_traffic_light_0929.png',4
'test_images/loop_with_traffic_light_0930.png',4
'test_images/loop_with_traffic_light_0931.png',4
'test_images/loop_with_traffic_light_0932.png',4
'test_images/loop_with_traffic_light_0933.png',4
'test_images/loop_with_traffic_light_0934.png',4
'test_images/loop_with_traffic_light_0935.png',4
'test_images/loop_with_traffic_light_0936.png',4
'test_images/loop_with_traffic_light_0937.png',4
'test_images/loop_with_traffic_light_0938.png',4
'test_images/loop_with_traffic_light_0939.png',4
'test_images/loop_with_traffic_light_0940.png',4
'test_images/loop_with_traffic_light_0941.png',4
'test_images/loop_with_traffic_light_0942.png',4
'test_images/loop_with_traffic_light_0943.png',4
'test_images/loop_with_traffic_light_0944.png',4
'test_images/loop_with_traffic_light_0945.png',4
'test_images/loop_with_traffic_light_0946.png',4
'test_images/loop_with_traffic_light_0947.png',4
'test_images/loop_with_traffic_light_0948.png',4
'test_images/loop_with_traffic_light_0949.png',4
'test_images/loop_with_traffic_light_0950.png',4
'test_images/loop_with_traffic_light_0951.png',4
'test_images/loop_with_traffic_light_0952.png',4
'test_images/loop_with_traffic_light_0953.png',4
'test_images/loop_with_traffic_light_0954.png',4
'test_images/loop_with_traffic_light_0955.png',4
'test_images/loop_with_traffic_light_0956.png',4
'test_images/loop_with_traffic_light_0957.png',4
'test_images/loop_with_traffic_light_0958.png',4
'test_images/loop_with_traffic_light_0959.png',4
'test_images/loop_with_traffic_light_0960.png',4
'test_images/loop_with_traffic_light_0961.png',4
'test_images/loop_with_traffic_light_0962.png',4
'test_images/loop_with_traffic_light_0963.png',4
'test_images/loop_with_traffic_light_0964.png',4
'test_images/loop_with_traffic_light_0965.png',4
'test_images/loop_with_traffic_light_0966.png',4
'test_images/loop_with_traffic_light_0967.png',4
'test_images/loop_with_traffic_light_0968.png',4
'test_images/loop_with_traffic_light_0969.png',4
'test_images/loop_with_traffic_light_0970.png',4
'test_images/loop_with_traffic_light_0971.png',4
'test_images/loop_with_traffic_light_0972.png',4
'test_images/loop_with_traffic_light_0973.png',4
'test_images/loop_with_traffic_light_0974.png',4
'test_images/loop_with_traffic_light_0975.png',4
'test_images/loop_with_traffic_light_0976.png',4
'test_images/loop_with_traffic_light_0977.png',4
'test_images/loop_with_traffic_light_0978.png',4
'test_images/loop_with_traffic_light_0979.png',4
'test_images/loop_with_traffic_light_0980.png',4
'test_images/loop_with_traffic_light_0981.png',4
'test_images/loop_with_traffic_light_0982.png',4
'test_images/loop_with_traffic_light_0983.png',4
'test_images/loop_with_traffic_light_0984.png',4
'test_images/loop_with_traffic_light_0985.png',4
'test_images/loop_with_traffic_light_0986.png',4
'test_images/loop_with_traffic_light_0987.png',4
'test_images/loop_with_traffic_light_0988.png',4
'test_images/loop_with_traffic_light_0989.png',4
'test_images/loop_with_traffic_light_0990.png',4
'test_images/loop_with_traffic_light_0991.png',4
'test_images/loop_with_traffic_light_0992.png',4
'test_images/loop_with_traffic_light_0993.png',4
'test_images/loop_with_traffic_light_0994.png',4
'test_images/loop_with_traffic_light_0995.png',4
'test_images/loop_with_traffic_light_0996.png',4
'test_images/loop_with_traffic_light_0997.png',4
'test_images/loop_with_traffic_light_0998.png',4
'test_images/loop_with_traffic_light_0999.png',4
'test_images/loop_with_traffic_light_1000.png',4
'test_images/loop_with_traffic_light_1001.png',4
'test_images/loop_with_traffic_light_1002.png',4
'test_images/loop_with_traffic_light_1003.png',4
'test_images/loop_with_traffic_light_1004.png',4
'test_images/loop_with_traffic_light_1005.png',4
'test_images/loop_with_traffic_light_1006.png',2
'test_images/loop_with_traffic_light_1007.png',2
'test_images/loop_with_traffic_light_1008.png',2
'test_images/loop_with_traffic_light_1009.png',2
'test_images/loop_with_traffic_light_1010.png',2
'test_images/loop_with_traffic_light_1011.png',2
'test_images/loop_with_traffic_light_1012.png',2
'test_images/loop_with_traffic_light_1013.png',2
'test_images/loop_with_traffic_light_1014.png',2
'test_images/loop_with_traffic_light_1015.png',2
'test_images/loop_with_traffic_light_1016.png',2
'test_images/loop_with_traffic_light_1017.png',2
'test_images/loop_with_traffic_light_1018.png',2
'test_images/loop_with_traffic_light_1019.png',2
'test_images/loop_with_traffic_light_1020.png',2
'test_images/loop_with_traffic_light_1021.png',2
'test_images/loop_with_traffic_light_1022.png',2
'test_images/loop_with_traffic_light_1023.png',2
'test_images/loop_with_traffic_light_1024.png',2
'test_images/loop_with_traffic_light_1025.png',2
'test_images/loop_with_traffic_light_1026.png',2
'test_images/loop_with_traffic_light_1027.png',2
'test_images/loop_with_traffic_light_1028.png',2
'test_images/loop_with_traffic_light_1029.png',2
'test_images/loop_with_traffic_light_1030.png',2
'test_images/loop_with_traffic_light_1031.png',2
'test_images/loop_with_traffic_light_1032.png',2
'test_images/loop_with_traffic_light_1033.png',2
'test_images/loop_with_traffic_light_1034.png',2
'test_images/loop_with_traffic_light_1035.png',2
'test_images/loop_with_traffic_light_1036.png',2
'test_images/loop_with_traffic_light_1037.png',2
'test_images/loop_with_traffic_light_1038.png',2
'test_images/loop_with_traffic_light_1039.png',2
'test_images/loop_with_traffic_light_1040.png',2
'test_images/loop_with_traffic_light_1041.png',2
'test_images/loop_with_traffic_light_1042.png',2
'test_images/loop_with_traffic_light_1043.png',2
'test_images/loop_with_traffic_light_1044.png',2
'test_images/loop_with_traffic_light_1045.png',2
'test_images/loop_with_traffic_light_1046.png',2
'test_images/loop_with_traffic_light_1047.png',2
'test_images/loop_with_traffic_light_1048.png',2
'test_images/loop_with_traffic_light_1049.png',2
'test_images/loop_with_traffic_light_1050.png',2
'test_images/loop_with_traffic_light_1051.png',2
'test_images/loop_with_traffic_light_1052.png',2
'test_images/loop_with_traffic_light_1053.png',2
'test_images/loop_with_traffic_light_1054.png',2
'test_images/loop_with_traffic_light_1055.png',2
'test_images/loop_with_traffic_light_1056.png',2
'test_images/loop_with_traffic_light_1057.png',2
'test_images/loop_with_traffic_light_1058.png',2
'test_images/loop_with_traffic_light_1059.png',2
'test_images/loop_with_traffic_light_1060.png',2
'test_images/loop_with_traffic_light_1061.png',2
'test_images/loop_with_traffic_light_1062.png',2
'test_images/loop_with_traffic_light_1063.png',2
'test_images/loop_with_traffic_light_1064.png',2
'test_images/loop_with_traffic_light_1065.png',2
'test_images/loop_with_traffic_light_1066.png',2
'test_images/loop_with_traffic_light_1067.png',2
'test_images/loop_with_traffic_light_1068.png',2
'test_images/loop_with_traffic_light_1069.png',2
'test_images/loop_with_traffic_light_1070.png',2
'test_images/loop_with_traffic_light_1071.png',2
'test_images/loop_with_traffic_light_1072.png',2
'test_images/loop_with_traffic_light_1073.png',2
'test_images/loop_with_traffic_light_1074.png',2
'test_images/loop_with_traffic_light_1075.png',2
'test_images/loop_with_traffic_light_1076.png',2
'test_images/loop_with_traffic_light_1077.png',2
'test_images/loop_with_traffic_light_1078.png',2
'test_images/loop_with_traffic_light_1079.png',2
'test_images/loop_with_traffic_light_1080.png',2
'test_images/loop_with_traffic_light_1081.png',2
'test_images/loop_with_traffic_light_1082.png',2
'test_images/loop_with_traffic_light_1083.png',2
'test_images/loop_with_traffic_light_1084.png',4
'test_images/loop_with_traffic_light_1085.png',4
'test_images/loop_with_traffic_light_1086.png',4
'test_images/loop_with_traffic_light_1087.png',4
'test_images/loop_with_traffic_light_1088.png',4
'test_images/loop_with_traffic_light_1089.png',4
'test_images/loop_with_traffic_light_1090.png',4
'test_images/loop_with_traffic_light_1091.png',4
'test_images/loop_with_traffic_light_1092.png',4
'test_images/loop_with_traffic_light_1093.png',4
'test_images/loop_with_traffic_light_1094.png',4
'test_images/loop_with_traffic_light_1095.png',4
'test_images/loop_with_traffic_light_1096.png',4
'test_images/loop_with_traffic_light_1097.png',4
'test_images/loop_with_traffic_light_1098.png',4
'test_images/loop_with_traffic_light_1099.png',4
'test_images/loop_with_traffic_light_1100.png',4
'test_images/loop_with_traffic_light_1101.png',4
'test_images/loop_with_traffic_light_1102.png',4
'test_images/loop_with_traffic_light_1103.png',4
'test_images/loop_with_traffic_light_1104.png',4
'test_images/loop_with_traffic_light_1105.png',4
'test_images/loop_with_traffic_light_1106.png',4
'test_images/loop_with_traffic_light_1107.png',4
'test_images/loop_with_traffic_light_1108.png',4
'test_images/loop_with_traffic_light_1109.png',4
'test_images/loop_with_traffic_light_1110.png',4
'test_images/loop_with_traffic_light_1111.png',4
'test_images/loop_with_traffic_light_1112.png',4
'test_images/loop_with_traffic_light_1113.png',4
'test_images/loop_with_traffic_light_1114.png',4
'test_images/loop_with_traffic_light_1115.png',4
'test_images/loop_with_traffic_light_1116.png',4
'test_images/loop_with_traffic_light_1117.png',4
'test_images/loop_with_traffic_light_1118.png',4
'test_images/loop_with_traffic_light_1119.png',4
'test_images/loop_with_traffic_light_1120.png',4
'test_images/loop_with_traffic_light_1121.png',4
'test_images/loop_with_traffic_light_1122.png',4
'test_images/loop_with_traffic_light_1123.png',4
'test_images/loop_with_traffic_light_1124.png',4
'test_images/loop_with_traffic_light_1125.png',4
'test_images/loop_with_traffic_light_1126.png',4
'test_images/loop_with_traffic_light_1127.png',4
'test_images/loop_with_traffic_light_1128.png',4
'test_images/loop_with_traffic_light_1129.png',4
'test_images/loop_with_traffic_light_1130.png',4
'test_images/loop_with_traffic_light_1131.png',4
'test_images/loop_with_traffic_light_1132.png',4
'test_images/loop_with_traffic_light_1133.png',4
'test_images/loop_with_traffic_light_1134.png',4
'test_images/loop_with_traffic_light_1135.png',4
'test_images/loop_with_traffic_light_1136.png',4
'test_images/loop_with_traffic_light_1137.png',4
'test_images/loop_with_traffic_light_1138.png',4
'test_images/loop_with_traffic_light_1139.png',4
'test_images/loop_with_traffic_light_1140.png',4
'test_images/loop_with_traffic_light_1141.png',4
'test_images/loop_with_traffic_light_1142.png',4
'test_images/loop_with_traffic_light_1143.png',4
'test_images/loop_with_traffic_light_1144.png',4
'test_images/loop_with_traffic_light_1145.png',4
'test_images/loop_with_traffic_light_1146.png',4
'test_images/loop_with_traffic_light_1147.png',4
'test_images/loop_with_traffic_light_1148.png',4
'test_images/loop_with_traffic_light_1149.png',4
